Organization,Followed On
Stack Overflow,Mon May 06 20:30:11 UTC 2024
AFRICOM Technologies & BPO Services,Mon May 06 20:27:20 UTC 2024
Ezihu,Sun May 05 11:02:20 UTC 2024
CodeZwei,Thu May 02 03:20:53 UTC 2024
Legendarium,Sat Apr 27 11:41:00 UTC 2024
❤️ Positive thought ☀️ Daily Good News,Wed Apr 24 20:12:40 UTC 2024
Emirates,Tue Apr 23 11:31:51 UTC 2024
aramco,Tue Apr 23 11:31:49 UTC 2024
SAUDI ARABIA JOBS,Mon Apr 22 10:04:48 UTC 2024
Owen Thomas ,Sun Apr 21 09:42:15 UTC 2024
DEVjobs,Sat Apr 20 13:07:01 UTC 2024
PETADATA,Fri Apr 19 16:59:41 UTC 2024
Interesting Engineering,Thu Apr 18 16:35:30 UTC 2024
Perplexity,Thu Apr 18 16:35:24 UTC 2024
AWS Training & Certification,Thu Apr 18 16:35:20 UTC 2024
Mechanical Engineering World,Thu Apr 18 16:35:17 UTC 2024
Ashewa Technology solution s.c,Thu Apr 18 16:35:08 UTC 2024
Microsoft Learn,Thu Apr 18 16:35:08 UTC 2024
Pythonworld,Thu Apr 18 16:35:08 UTC 2024
Google Research,Thu Apr 18 16:34:59 UTC 2024
Ollama,Thu Apr 18 16:34:48 UTC 2024
Google,Thu Apr 18 16:34:45 UTC 2024
Google Cloud,Thu Apr 18 16:34:43 UTC 2024
Codenight,Thu Apr 18 16:34:41 UTC 2024
Turing Community,Thu Apr 18 16:34:29 UTC 2024
The Disruptors Den,Thu Apr 18 05:30:32 UTC 2024
Awaj AI,Tue Apr 16 18:09:08 UTC 2024
MIT Professional Education,Fri Apr 12 16:28:09 UTC 2024
Kasma Solutions,Fri Apr 12 16:25:16 UTC 2024
Ethiopian Society of Mechanical Engineers (ESME),Thu Apr 11 17:47:04 UTC 2024
Next Ethiopian Startup (NEST),Mon Apr 08 09:37:17 UTC 2024
CrewBloom,Sun Apr 07 13:17:53 UTC 2024
Creativity Skills,Sun Apr 07 13:17:42 UTC 2024
Orthodox Christian Network (OCN),Fri Apr 05 20:50:39 UTC 2024
MEmbedded TechLab,Fri Apr 05 19:31:29 UTC 2024
ASBIS,Tue Apr 02 22:08:20 UTC 2024
AGC Glass Europe,Tue Apr 02 22:05:09 UTC 2024
Entrepreneurship Development Institute (EDI) - Ethiopia ,Tue Apr 02 07:47:38 UTC 2024
Intellect Global Consumer Banking | iGCB,Tue Apr 02 07:41:27 UTC 2024
Lansel Trading PLC,Mon Apr 01 11:50:43 UTC 2024
Ahadu Bank,Sun Mar 31 14:40:14 UTC 2024
Flowstep,Sat Mar 30 17:54:25 UTC 2024
Wevolver,Sat Mar 30 11:40:17 UTC 2024
Strativ Group,Fri Mar 29 14:24:12 UTC 2024
Mechanical Engineering,Thu Mar 28 18:06:59 UTC 2024
EcomMeta,Wed Mar 27 21:07:10 UTC 2024
Neural Networks,Wed Mar 27 21:06:06 UTC 2024
Huptech HR Solutions,Wed Mar 27 18:24:58 UTC 2024
武汉科技大学,Wed Mar 27 17:07:57 UTC 2024
NVIDIA AI,Wed Mar 27 17:04:33 UTC 2024
NVIDIA Robotics,Wed Mar 27 17:04:31 UTC 2024
NVIDIA,Wed Mar 27 17:03:51 UTC 2024
IE Network Solutions,Wed Mar 27 16:47:36 UTC 2024
OpenAI,Wed Mar 27 13:15:33 UTC 2024
LinkedIn Guide to Creating,Wed Mar 27 13:15:28 UTC 2024
Cloudilic,Wed Mar 27 11:35:12 UTC 2024
Marubeni Corporation,Wed Mar 27 10:52:48 UTC 2024
Ethiopian Capital Market Authority,Wed Mar 27 07:17:00 UTC 2024
Research and Policy Center,Tue Mar 26 19:48:10 UTC 2024
Ministry of Innovation And Technology- Ethiopia,Tue Mar 26 19:09:56 UTC 2024
Ozone Technologies,Tue Mar 26 11:22:17 UTC 2024
ARGO Vision,Mon Mar 25 20:13:18 UTC 2024
Jumio Corporation,Mon Mar 25 19:35:17 UTC 2024
Customer Service,Mon Mar 25 19:33:11 UTC 2024
Image Processing,Mon Mar 25 19:32:52 UTC 2024
Deep Learning,Mon Mar 25 19:32:06 UTC 2024
Communication,Thu Mar 28 18:07:19 UTC 2024
Computer Vision,Mon Mar 25 19:30:02 UTC 2024
KNAPP,Mon Mar 25 18:03:38 UTC 2024
Gugut Podcast,Mon Mar 25 17:56:47 UTC 2024
iCog Labs,Mon Mar 25 15:57:19 UTC 2024
NERD,Mon Mar 25 15:56:27 UTC 2024
TechnoServe,Mon Mar 25 10:54:03 UTC 2024
Mechanical knowledge,Mon Mar 25 06:22:46 UTC 2024
Chapa,Mon Mar 25 06:15:08 UTC 2024
OpenCV University,Sun Mar 24 22:16:00 UTC 2024
OpenCV,Sun Mar 24 22:15:47 UTC 2024
MERI PODCAST,Sun Mar 24 20:33:15 UTC 2024
Covariant,Sun Mar 24 18:38:05 UTC 2024
Afriwork,Sun Mar 24 18:35:39 UTC 2024
Shega,Sun Mar 24 18:35:21 UTC 2024
Tech Kinect,Sun Mar 24 14:29:02 UTC 2024
Machine Learning,Mon Mar 25 19:33:58 UTC 2024
Loline Mag,Sun Mar 24 09:20:27 UTC 2024
Harnham,Sat Mar 23 09:00:33 UTC 2024
RemoteWorker UK,Sat Mar 23 08:59:17 UTC 2024
Toloka,Sat Mar 23 08:58:01 UTC 2024
ethio telecom,Fri Mar 22 18:49:25 UTC 2024
Continental,Thu Mar 21 18:48:46 UTC 2024
GitHub,Thu Mar 21 18:24:44 UTC 2024
Turing,Thu Mar 21 16:59:52 UTC 2024
Crossover ,Thu Mar 21 16:57:06 UTC 2024
Instruments World,Thu Mar 21 07:36:09 UTC 2024
Wegegta Printing Press,Thu Mar 21 07:12:27 UTC 2024
Demaq Design,Wed Mar 20 20:53:59 UTC 2024
AMC ASTU.,Tue Mar 19 16:11:37 UTC 2024
DeepLearning.AI,Mon Mar 18 20:26:12 UTC 2024
etstockmarket,Mon Mar 11 13:01:19 UTC 2024
Mechanical World,Fri Mar 08 10:39:35 UTC 2024
Ethiopian Collegiate Programming Contest,Fri Mar 08 10:37:26 UTC 2024
Rexus Group,Sat Mar 02 17:36:48 UTC 2024
Unify,Wed Feb 28 19:12:29 UTC 2024
Machine Learning Company,Wed Feb 28 19:01:53 UTC 2024
Data Analytics,Tue Feb 13 08:26:20 UTC 2024
Machine Learning Mastery,Sat Feb 10 19:10:39 UTC 2024
Janderebaw Media,Tue Jan 09 12:59:14 UTC 2024
IBM,Sun Jan 07 19:35:31 UTC 2024
Microsoft,Sun Jan 07 19:35:28 UTC 2024
ALX ETHIOPIA,Fri Jan 05 18:14:25 UTC 2024
Mechanical Knowledge Factory,Fri Jan 05 08:56:47 UTC 2024
HCLTech,Fri Jan 05 08:21:36 UTC 2024
Amazon,Fri Jan 05 08:21:34 UTC 2024
Africa Practice,Wed Dec 27 10:59:51 UTC 2023
Cyber Security News ®,Tue Dec 26 17:57:14 UTC 2023
Gebeya Inc.,Tue Dec 26 17:13:59 UTC 2023
Upwork,Tue Dec 26 17:13:56 UTC 2023
Canonical,Tue Dec 19 19:28:15 UTC 2023
Ethiopian Artificial Intelligence Institute,Tue Dec 19 16:15:53 UTC 2023
A2SV | Africa to Silicon Valley,Fri Dec 08 22:06:30 UTC 2023
freeCodeCamp,Fri Dec 08 21:02:29 UTC 2023
Google for Developers,Fri Dec 08 21:02:26 UTC 2023
Generative AI,Fri Dec 08 21:02:17 UTC 2023
W3Schools.com,Fri Dec 08 21:02:13 UTC 2023
Data Science Academy,Sat Nov 04 16:05:26 UTC 2023
Free Online Courses,Fri Mar 31 08:52:54 UTC 2023
Free Courses Certificates,Fri Mar 31 08:52:54 UTC 2023
Fully Funded Scholarships,Fri Mar 31 08:50:46 UTC 2023
CAREER OPPORTUNITIES,Fri Mar 31 08:50:43 UTC 2023
"International Scholarship and Tuition Services, Inc.",Fri Mar 31 08:50:41 UTC 2023
Jobs & Careers Today,Fri Mar 31 08:50:39 UTC 2023
JobsGivers,Fri Mar 31 08:50:38 UTC 2023
Free Online Courses With Certificates,Fri Mar 31 08:49:34 UTC 2023
Scholarship America,Fri Mar 31 08:47:06 UTC 2023
World Vision,Fri Mar 31 08:47:05 UTC 2023
Ethiopian Airlines,Fri Mar 31 08:47:03 UTC 2023
Ethiojobs.net,Fri Mar 31 08:44:10 UTC 2023
Commercial Bank of Ethiopia ,Fri Mar 31 08:44:09 UTC 2023
Safaricom Telecommunications Ethiopia PLC,Fri Mar 31 08:44:08 UTC 2023
Adama Science and Technology University,Fri Mar 31 08:40:55 UTC 2023